<?xml version="1.0" encoding="UTF-8" standalone="yes"?>
<Document xmlns="urn:iso:std:iso:20022:tech:xsd:camt.053.001.02">
    <BkToCstmrStmt>
        <Stmt>
            <Ntry>
                <Amt Ccy="GBP">2371.34</Amt>
                <ValDt>
                    <Dt>2016-08-19</Dt>
                </ValDt>
                <NtryDtls>
                    <TxDtls>
                        <Refs>
                            <EndToEndId>DK2Y7DTZ</EndToEndId>
                        </Refs>
                        <RltdPties>
                            <Cdtr>
                                <Nm>DK2Y7DTZ EKKOSENSE LTD</Nm>
                            </Cdtr>
                        </RltdPties>
                    </TxDtls>
                </NtryDtls>
                <Sts>BOOK</Sts>
            </Ntry>
        </Stmt>
    </BkToCstmrStmt>
</Document>
